{
	"settings": {
		"color": {
			"palette": [
				{
					"color": "#2c2621",
					"name": "Base",
					"slug": "base"
				},
				{
					"color": "#ff9933",
					"name": "Contrast",
					"slug": "contrast"
				},
				{
					"color": "#ff9933",
					"name": "Primary",
					"slug": "primary"
				},
				{
					"color": "#ff993340",
					"name": "Secondary",
					"slug": "secondary"
				},
				{
					"color": "#2c2621",
					"name": "Tertiary",
					"slug": "tertiary"
				}
			]
		}
	},
	"styles": {
		"blocks": {
			"core/avatar": {
				"filter": {
					"duotone": "var(--wp--preset--duotone--amber)"
				}
			},
			"core/cover": {
				"filter": {
					"duotone": "var(--wp--preset--duotone--amber)"
				}
			},
			"core/post-featured-image": {
				"filter": {
					"duotone": "var(--wp--preset--duotone--amber)"
				}
			}
		}
	},
	"title": "Amber",
	"version": 2,
	"$schema": "https://schemas.wp.org/trunk/theme.json"
}